<?xml version="1.0" encoding="UTF-8"?>
<!DOCTYPE suite SYSTEM "http://testng.org/testng-1.0.dtd">
<suite name="All Test Suite">
    <test verbose="2" preserve-order="true" name="/Users/muradnabizade/Desktop/EndToEndAuto/E2EProject">
        <classes>
            <class name="Academy.HomePageTest">
                <methods>
                    <include name="basePageNavigation"/>
                </methods>
            </class>
            <class name="Academy.validateNavigationbarTest">
                <methods>
                    <include name="basePageNavigation"/>
                </methods>
            </class>
            <class name="Academy.validateTitleTest">
                <methods>
                    <include name="basePageNavigation"/>
                </methods>
            </class>
        </classes>
    </test>
</suite>